1,HTML,01J4EGFEHQ45GCE8DZEPD4JTG3.png,2024-08-04 10:55:31,2024-08-04 11:34:45,Programming
2,CSS,01J4EGMEHVZ8AQE959GBNRG2CH.png,2024-08-04 10:58:15,2024-08-04 11:34:58,Programming
3,PHP,01J4EGPBRGJEARZB88556XGFSN.png,2024-08-04 10:59:17,2024-08-04 11:35:11,Programming
4,JAVASCRIPT,01J4EGQW8SQJR4TE5DA01BC2EK.png,2024-08-04 11:00:07,2024-08-04 11:35:24,Programming
5,JQUERY,01J4EHGFTVGQ0SD1JEMS8834YY.svg,2024-08-04 11:13:34,2024-08-04 11:13:34,Programming
6,LARAVEL,01J4EHX81FSNWY2NB9GG8CKBMM.svg,2024-08-04 11:20:32,2024-08-04 11:20:32,Framework
7,Moodle,01J4EJBEYK75JSBFFXMAZ513SM.svg,2024-08-04 11:23:27,2024-08-04 11:28:17,Open Source Learning Management System
8,VUE,01J4EJ8RNDYDP1FG3468XY6KQ8.svg,2024-08-04 11:26:49,2024-08-04 11:26:49,Library
9,BOOTSTRAP,01J4EJF74SHRBDZZSPZZ8AADMB.svg,2024-08-04 11:30:20,2024-08-04 11:30:20,Framework
10,VUETIFYJS,01J4EJNTKYG97GCA1Y14FNYHHT.svg,2024-08-04 11:33:57,2024-08-04 11:33:57,UI Component Framework
11,APACHE,01J4EJXRB50634313FXQGN11PT.svg,2024-08-04 11:38:17,2024-08-04 11:38:17,Web Server
12,NGINX,01J4EJZH6ECHRND4AS9R5VZVDG.svg,2024-08-04 11:39:15,2024-08-04 11:39:15,Web Server
13,SWAGGER,01J4EK3297DTCC0627AD4BHSQG.svg,2024-08-04 11:41:11,2024-08-04 11:41:11,Tools
14,DOCKER,01J4EK7HH2Z3RVYS6WZW1YWN2X.svg,2024-08-04 11:43:38,2024-08-04 11:43:38,Tools
15,AWS,01J4EKACRR7ANRYJC474C6E7VQ.svg,2024-08-04 11:45:11,2024-08-04 11:45:11,Cloud Server
16,DIGITAL OCEAN,01J4EKCA5Q10V0DKQM04KW4SYJ.svg,2024-08-04 11:46:14,2024-08-04 11:46:14,Cloud Server
